,Local Authority,Period,Value
0,Aberdeen City,2004-2009,13.2021512
1,Aberdeen City,2009-2014,4.41909755
2,Aberdeen City,2014-2019,-2.327914564
3,Aberdeen City,2019-2021,0
4,Aberdeenshire,2004-2009,12.17979241
5,Aberdeenshire,2009-2014,3.713728934
6,Aberdeenshire,2014-2019,-1.471229526
7,Aberdeenshire,2019-2021,1.273936708
8,Adur,2004-2009,1.484667621
9,Adur,2009-2014,5.660628719
10,Adur,2014-2019,5.333519585
11,Adur,2019-2021,6.957935657
12,Allerdale,2004-2009,7.280807219
13,Allerdale,2009-2014,1.890146507
14,Allerdale,2014-2019,2.039854155
15,Allerdale,2019-2021,-1.227040335
16,Amber Valley,2004-2009,2.244441166
17,Amber Valley,2009-2014,1.141294548
18,Amber Valley,2014-2019,5.351009054
19,Amber Valley,2019-2021,6.981696706
20,Angus,2004-2009,8.895321224
21,Angus,2009-2014,3.143054786
22,Angus,2014-2019,1.755457718
23,Angus,2019-2021,2.844168901
24,Argyll and Bute,2004-2009,9.336207394
25,Argyll and Bute,2009-2014,0
26,Argyll and Bute,2014-2019,3.143992433
27,Argyll and Bute,2019-2021,4.711683097
28,Arun,2004-2009,1.048215849
29,Arun,2009-2014,4.226282042
30,Arun,2014-2019,4.381469059
31,Arun,2019-2021,6.787212586
32,Ashfield,2004-2009,1.325641048
33,Ashfield,2009-2014,3.645853398
34,Ashfield,2014-2019,3.443118151
35,Ashfield,2019-2021,8.465228909
36,Ashford,2004-2009,0.759877005
37,Ashford,2009-2014,4.683184708
38,Ashford,2014-2019,5.165369226
39,Ashford,2019-2021,5.836730049
40,Aylesbury Vale,2004-2009,2.180594141
41,Aylesbury Vale,2009-2014,4.478457225
42,Aylesbury Vale,2014-2019,5.039574431
43,Aylesbury Vale,2019-2021,5.421984765
44,Babergh,2004-2009,1.254431501
45,Babergh,2009-2014,4.492155726
46,Babergh,2014-2019,5.133302656
47,Babergh,2019-2021,7.736450921
48,Barking and Dagenham,2004-2009,0
49,Barking and Dagenham,2009-2014,6.087373042
50,Barking and Dagenham,2014-2019,7.938012944
51,Barking and Dagenham,2019-2021,3.89249633
52,Barnet,2004-2009,3.017017292
53,Barnet,2009-2014,6.643011017
54,Barnet,2014-2019,5.387395206
55,Barnet,2019-2021,5.884552516
56,Barnsley,2004-2009,3.209643082
57,Barnsley,2009-2014,2.228531706
58,Barnsley,2014-2019,3.562981597
59,Barnsley,2019-2021,2.344772972
60,Barrow-in-Furness,2004-2009,10.02166723
61,Barrow-in-Furness,2009-2014,1.038725921
62,Barrow-in-Furness,2014-2019,3.705515936
63,Barrow-in-Furness,2019-2021,5.097785678
64,Basildon,2004-2009,2.589044258
65,Basildon,2009-2014,3.714321594
66,Basildon,2014-2019,7.394092379
67,Basildon,2019-2021,5.672449894
68,Basingstoke and Deane,2004-2009,0.733831357
69,Basingstoke and Deane,2009-2014,4.240221628
70,Basingstoke and Deane,2014-2019,4.703003563
71,Basingstoke and Deane,2019-2021,4.928231543
72,Bassetlaw,2004-2009,2.598959365
73,Bassetlaw,2009-2014,0
74,Bassetlaw,2014-2019,5.452169315
75,Bassetlaw,2019-2021,5.085416616
76,Bath and North East Somerset,2004-2009,1.680527255
77,Bath and North East Somerset,2009-2014,4.223227367
78,Bath and North East Somerset,2014-2019,5.391286924
79,Bath and North East Somerset,2019-2021,5.976138892
80,Bedford,2004-2009,2.292455663
81,Bedford,2009-2014,4.061220639
82,Bedford,2014-2019,6.434110272
83,Bedford,2019-2021,4.368851401
84,Bexley,2004-2009,2.292455663
85,Bexley,2009-2014,4.987304961
86,Bexley,2014-2019,7.385499476
87,Bexley,2019-2021,4.85417378
88,Birmingham,2004-2009,0.571509504
89,Birmingham,2009-2014,1.998506963
90,Birmingham,2014-2019,5.457794331
91,Birmingham,2019-2021,8.012344973
92,Blaby,2004-2009,0.980579767
93,Blaby,2009-2014,2.949992028
94,Blaby,2014-2019,5.099709215
95,Blaby,2019-2021,7.08823422
96,Blackburn with Darwen,2004-2009,6.961037573
97,Blackburn with Darwen,2009-2014,0.999218474
98,Blackburn with Darwen,2014-2019,3.61384588
99,Blackburn with Darwen,2019-2021,2.806155901
100,Blackpool,2004-2009,2.185013727
101,Blackpool,2009-2014,-0.492634807
102,Blackpool,2014-2019,2.83467221
103,Blackpool,2019-2021,4.257207029
104,Blaenau Gwent,2004-2009,4.071370972
105,Blaenau Gwent,2009-2014,0.606922524
106,Blaenau Gwent,2014-2019,3.575994412
107,Blaenau Gwent,2019-2021,10.55415968
108,Bolsover,2004-2009,3.974644473
109,Bolsover,2009-2014,1.2745973
110,Bolsover,2014-2019,4.18092681
111,Bolsover,2019-2021,6.456389958
112,Bolton,2004-2009,5.045837225
113,Bolton,2009-2014,0.892998907
114,Bolton,2014-2019,3.713728934
115,Bolton,2019-2021,8.347267777
116,Boston,2004-2009,0.469483994
117,Boston,2009-2014,2.003466383
118,Boston,2014-2019,5.26238015
119,Boston,2019-2021,4.937623195
120,Bournemouth,2004-2009,0.753583643
121,Bournemouth,2009-2014,3.531133208
122,Bournemouth,2014-2019,4.637878242
123,Bournemouth,2019-2021,6.242543052
124,Bracknell Forest,2004-2009,2.903366107
125,Bracknell Forest,2009-2014,4.762370264
126,Bracknell Forest,2014-2019,5.721772088
127,Bracknell Forest,2019-2021,2.81745266
128,Bradford,2004-2009,5.839502639
129,Bradford,2009-2014,0.167505127
130,Bradford,2014-2019,3.123663093
131,Bradford,2019-2021,3.528322753
132,Braintree,2004-2009,0.536633737
133,Braintree,2009-2014,4.381306977
134,Braintree,2014-2019,6.668390128
135,Braintree,2019-2021,3.390788625
136,Breckland,2004-2009,1.296153481
137,Breckland,2009-2014,2.932492454
138,Breckland,2014-2019,5.291370303
139,Breckland,2019-2021,6.601569566
140,Brent,2004-2009,4.095039697
141,Brent,2009-2014,6.961037573
142,Brent,2014-2019,4.89858403
143,Brent,2019-2021,4.499977985
144,Brentwood,2004-2009,1.681614782
145,Brentwood,2009-2014,4.261061338
146,Brentwood,2014-2019,6.144984031
147,Brentwood,2019-2021,6.984966853
148,Bridgend,2004-2009,3.131030648
149,Bridgend,2009-2014,1.389421401
150,Bridgend,2014-2019,3.89418732
151,Bridgend,2019-2021,6.426099033
152,Brighton and Hove,2004-2009,3.277941544
153,Brighton and Hove,2009-2014,5.391227893
154,Brighton and Hove,2014-2019,5.120738271
155,Brighton and Hove,2019-2021,6.893423399
156,"Bristol, City of",2004-2009,2.115478035
157,"Bristol, City of",2009-2014,3.79947831
158,"Bristol, City of",2014-2019,6.834717719
159,"Bristol, City of",2019-2021,8.012344973
160,Broadland,2004-2009,0.964808944
161,Broadland,2009-2014,4.035827463
162,Broadland,2014-2019,5.345789431
163,Broadland,2019-2021,4.824340172
164,Bromley,2004-2009,2.047734065
165,Bromley,2009-2014,6.113121927
166,Bromley,2014-2019,5.604293122
167,Bromley,2019-2021,6.066017178
168,Bromsgrove,2004-2009,0.245368273
169,Bromsgrove,2009-2014,4.020662206
170,Bromsgrove,2014-2019,4.841317128
171,Bromsgrove,2019-2021,5.962588565
172,Broxbourne,2004-2009,2.052993376
173,Broxbourne,2009-2014,3.846994685
174,Broxbourne,2014-2019,7.385499476
175,Broxbourne,2019-2021,4.920938622
176,Broxtowe,2004-2009,0.305816109
177,Broxtowe,2009-2014,1.183761652
178,Broxtowe,2014-2019,5.846616943
179,Broxtowe,2019-2021,7.51344002
180,Burnley,2004-2009,14.56594279
181,Burnley,2009-2014,2.534857566
182,Burnley,2014-2019,2.033265365
183,Burnley,2019-2021,11.5652657
184,Bury,2004-2009,3.970926709
185,Bury,2009-2014,0.757662405
186,Bury,2014-2019,5.327276858
187,Bury,2019-2021,10.12979356
188,Caerphilly,2004-2009,3.532457316
189,Caerphilly,2009-2014,2.319755495
190,Caerphilly,2014-2019,2.760046099
191,Caerphilly,2019-2021,6.540645253
192,Calderdale,2004-2009,4.431539526
193,Calderdale,2009-2014,1.159250079
194,Calderdale,2014-2019,3.365688435
195,Calderdale,2019-2021,4.719156294
196,Cambridge,2004-2009,3.453138381
197,Cambridge,2009-2014,8.109520139
198,Cambridge,2014-2019,4.444179509
199,Cambridge,2019-2021,1.709525543
200,Camden,2004-2009,6.272562505
201,Camden,2009-2014,10.08533253
202,Camden,2014-2019,3.02097291
203,Camden,2019-2021,-1.401808297
204,Cannock Chase,2004-2009,2.266774012
205,Cannock Chase,2009-2014,1.099767573
206,Cannock Chase,2014-2019,5.497710237
207,Cannock Chase,2019-2021,4.949953567
208,Canterbury,2004-2009,-0.227017099
209,Canterbury,2009-2014,5.569743404
210,Canterbury,2014-2019,5.681264262
211,Canterbury,2019-2021,5.705031664
212,Cardiff,2004-2009,0.617959724
213,Cardiff,2009-2014,2.200959581
214,Cardiff,2014-2019,4.457455293
215,Cardiff,2019-2021,7.529065838
216,Carlisle,2004-2009,4.801259848
217,Carlisle,2009-2014,0.478995786
218,Carlisle,2014-2019,3.021139292
219,Carlisle,2019-2021,0.858384843
220,Carmarthenshire,2004-2009,5.202886459
221,Carmarthenshire,2009-2014,0
222,Carmarthenshire,2014-2019,2.870415935
223,Carmarthenshire,2019-2021,8.092681426
224,Castle Point,2004-2009,1.149727416
225,Castle Point,2009-2014,4.095039697
226,Castle Point,2014-2019,6.399531282
227,Castle Point,2019-2021,5.672449894
228,Central Bedfordshire,2004-2009,1.306856617
229,Central Bedfordshire,2009-2014,5.15474968
230,Central Bedfordshire,2014-2019,6.961037573
231,Central Bedfordshire,2019-2021,2.353263144
232,Ceredigion,2004-2009,2.617915478
233,Ceredigion,2009-2014,0
234,Ceredigion,2014-2019,2.314587308
235,Ceredigion,2019-2021,9.049951361
236,Charnwood,2004-2009,0.711489675
237,Charnwood,2009-2014,3.232437954
238,Charnwood,2014-2019,5.577454864
239,Charnwood,2019-2021,4.816730941
240,Chelmsford,2004-2009,1.924487649
241,Chelmsford,2009-2014,4.201692145
242,Chelmsford,2014-2019,6.961123142
243,Chelmsford,2019-2021,3.509833901
244,Cheltenham,2004-2009,0.789802724
245,Cheltenham,2009-2014,4.396114979
246,Cheltenham,2014-2019,3.998922229
247,Cheltenham,2019-2021,6.591474444
248,Cherwell,2004-2009,1.443438172
249,Cherwell,2009-2014,5.653398367
250,Cherwell,2014-2019,4.606169223
251,Cherwell,2019-2021,2.705341131
252,Cheshire East,2004-2009,1.924487649
253,Cheshire East,2009-2014,2.314587308
254,Cheshire East,2014-2019,5.343538597
255,Cheshire East,2019-2021,4.082699491
256,Cheshire West and Chester,2004-2009,1.82060211
257,Cheshire West and Chester,2009-2014,1.965898738
258,Cheshire West and Chester,2014-2019,3.512031923
259,Cheshire West and Chester,2019-2021,6.38257207
260,Chesterfield,2004-2009,2.371699427
261,Chesterfield,2009-2014,1.955878012
262,Chesterfield,2014-2019,3.580420358
263,Chesterfield,2019-2021,7.313228599
264,Chichester,2004-2009,0.85482523
265,Chichester,2009-2014,4.213061587
266,Chichester,2014-2019,4.061495954
267,Chichester,2019-2021,6.069700218
268,Chiltern,2004-2009,2.180594141
269,Chiltern,2009-2014,4.478457225
270,Chiltern,2014-2019,5.039574431
271,Chiltern,2019-2021,5.421984765
272,Chorley,2004-2009,2.995266637
273,Chorley,2009-2014,1.695225771
274,Chorley,2014-2019,2.428284527
275,Chorley,2019-2021,3.721868655
276,Christchurch,2004-2009,0.753583643
277,Christchurch,2009-2014,3.531133208
278,Christchurch,2014-2019,4.637878242
279,Christchurch,2019-2021,6.242543052
280,City of Edinburgh,2004-2009,2.727141819
281,City of Edinburgh,2009-2014,2.04787992
282,City of Edinburgh,2014-2019,4.886543796
283,City of Edinburgh,2019-2021,4.457424751
284,City of London,2004-2009,7.394092379
285,City of London,2009-2014,13.96842959
286,City of London,2014-2019,2.378004258
287,City of London,2019-2021,-5.543844468
288,Clackmannanshire,2004-2009,8.967778937
289,Clackmannanshire,2009-2014,1.389421401
290,Clackmannanshire,2014-2019,2.101160941
291,Clackmannanshire,2019-2021,4.409783785
292,Colchester,2004-2009,0.617959724
293,Colchester,2009-2014,3.397522653
294,Colchester,2014-2019,6.724918188
295,Colchester,2019-2021,6.284035943
296,Conwy,2004-2009,2.12956876
297,Conwy,2009-2014,1.253873562
298,Conwy,2014-2019,2.18434464
299,Conwy,2019-2021,7.546571588
300,Copeland,2004-2009,7.604533103
301,Copeland,2009-2014,1.06785784
302,Copeland,2014-2019,1.908507014
303,Copeland,2019-2021,2.899151086
304,Corby ,2004-2009,1.796620942
305,Corby ,2009-2014,2.12956876
306,Corby ,2014-2019,7.21450259
307,Corby ,2019-2021,4.600078731
308,Cornwall,2004-2009,0.81978185
309,Cornwall,2009-2014,2.082838213
310,Cornwall,2014-2019,3.462586896
311,Cornwall,2019-2021,8.948718474
312,Cotswold,2004-2009,1.681614782
313,Cotswold,2009-2014,3.365688435
314,Cotswold,2014-2019,3.030951827
315,Cotswold,2019-2021,9.143981782
316,County Durham,2004-2009,4.316756381
317,County Durham,2009-2014,0.934741991
318,County Durham,2014-2019,1.755457718
319,County Durham,2019-2021,2.062072616
320,Coventry,2004-2009,1.645834657
321,Coventry,2009-2014,2.494044308
322,Coventry,2014-2019,6.156494642
323,Coventry,2019-2021,6.131333933
324,Craven,2004-2009,2.706608709
325,Craven,2009-2014,0.934741991
326,Craven,2014-2019,4.563955259
327,Craven,2019-2021,2.358549849
328,Crawley,2004-2009,0.471719056
329,Crawley,2009-2014,5.752487309
330,Crawley,2014-2019,4.974380265
331,Crawley,2019-2021,3.390788625
332,Croydon,2004-2009,1.461998012
333,Croydon,2009-2014,5.789648871
334,Croydon,2014-2019,7.756374535
335,Croydon,2019-2021,3.290034218
336,Dacorum,2004-2009,2.388745503
337,Dacorum,2009-2014,4.470843842
338,Dacorum,2014-2019,5.789648871
339,Dacorum,2019-2021,7.030489144
340,Darlington,2004-2009,4.019975592
341,Darlington,2009-2014,0.323108512
342,Darlington,2014-2019,2.727141819
343,Darlington,2019-2021,1.561239234
344,Dartford,2004-2009,1.33867592
345,Dartford,2009-2014,5.168411464
346,Dartford,2014-2019,7.781806771
347,Dartford,2019-2021,3.07764064
348,Daventry,2004-2009,1.553748717
349,Daventry,2009-2014,3.545906486
350,Daventry,2014-2019,5.879291176
351,Daventry,2019-2021,5.258870102
352,Denbighshire,2004-2009,2.342224964
353,Denbighshire,2009-2014,0.241743354
354,Denbighshire,2014-2019,3.817235855
355,Denbighshire,2019-2021,7.743322526
356,Derby,2004-2009,2.12956876
357,Derby,2009-2014,1.543604419
358,Derby,2014-2019,4.726166504
359,Derby,2019-2021,4.31851677
360,Derbyshire Dales,2004-2009,1.246321811
361,Derbyshire Dales,2009-2014,2.860341794
362,Derbyshire Dales,2014-2019,3.745067126
363,Derbyshire Dales,2019-2021,4.610688873
364,Doncaster,2004-2009,2.975477857
365,Doncaster,2009-2014,1.670519821
366,Doncaster,2014-2019,2.163731527
367,Doncaster,2019-2021,6.552256938
368,Dover,2004-2009,2.05651463
369,Dover,2009-2014,3.713728934
370,Dover,2014-2019,6.092678207
371,Dover,2019-2021,5.830052443
372,Dudley,2004-2009,2.042501652
373,Dudley,2009-2014,1.493197895
374,Dudley,2014-2019,4.323851794
375,Dudley,2019-2021,7.520666114
376,Dumfries and Galloway,2004-2009,5.986291452
377,Dumfries and Galloway,2009-2014,0.852545189
378,Dumfries and Galloway,2014-2019,1.613736474
379,Dumfries and Galloway,2019-2021,3.40361547
380,Dundee City,2004-2009,11.41011116
381,Dundee City,2009-2014,-0.350271307
382,Dundee City,2014-2019,2.346228725
383,Dundee City,2019-2021,5.037695602
384,Ealing,2004-2009,2.103199129
385,Ealing,2009-2014,8.476584819
386,Ealing,2014-2019,3.834772151
387,Ealing,2019-2021,5.94311877
388,East Ayrshire,2004-2009,6.232103967
389,East Ayrshire,2009-2014,-0.885095018
390,East Ayrshire,2014-2019,2.224904962
391,East Ayrshire,2019-2021,5.818893948
392,East Cambridgeshire,2004-2009,0.81684874
393,East Cambridgeshire,2009-2014,4.577337966
394,East Cambridgeshire,2014-2019,6.536129172
395,East Cambridgeshire,2019-2021,4.151128785
396,East Devon,2004-2009,2.021836908
397,East Devon,2009-2014,1.836088134
398,East Devon,2014-2019,4.012620718
399,East Devon,2019-2021,5.220856162
400,East Dorset,2004-2009,1.488364425
401,East Dorset,2009-2014,2.711500199
402,East Dorset,2014-2019,3.496752704
403,East Dorset,2019-2021,7.60551737
404,East Dunbartonshire,2004-2009,4.240221628
405,East Dunbartonshire,2009-2014,2.862712895
406,East Dunbartonshire,2014-2019,3.326085394
407,East Dunbartonshire,2019-2021,4.064850394
408,East Hampshire,2004-2009,2.328597159
409,East Hampshire,2009-2014,4.387623808
410,East Hampshire,2014-2019,4.916030418
411,East Hampshire,2019-2021,4.562580942
412,East Hertfordshire,2004-2009,1.595338186
413,East Hertfordshire,2009-2014,4.817314993
414,East Hertfordshire,2014-2019,7.005108884
415,East Hertfordshire,2019-2021,1.430103242
416,East Lindsey,2004-2009,0.799108696
417,East Lindsey,2009-2014,1.038798647
418,East Lindsey,2014-2019,4.713975898
419,East Lindsey,2019-2021,6.502850398
420,East Lothian,2004-2009,5.876290796
421,East Lothian,2009-2014,1.521611448
422,East Lothian,2014-2019,5.922384105
423,East Lothian,2019-2021,5.31230611
424,East Northamptonshire,2004-2009,1.553748717
425,East Northamptonshire,2009-2014,3.545906486
426,East Northamptonshire,2014-2019,5.879291176
427,East Northamptonshire,2019-2021,5.258870102
428,East Renfrewshire,2004-2009,3.811618423
429,East Renfrewshire,2009-2014,3.509566466
430,East Renfrewshire,2014-2019,2.630227904
431,East Renfrewshire,2019-2021,5.499845456
432,East Riding of Yorkshire,2004-2009,1.501006866
433,East Riding of Yorkshire,2009-2014,1.389421401
434,East Riding of Yorkshire,2014-2019,4.283618904
435,East Riding of Yorkshire,2019-2021,5.266714022
436,East Staffordshire,2004-2009,2.383625554
437,East Staffordshire,2009-2014,2.122759214
438,East Staffordshire,2014-2019,4.903433272
439,East Staffordshire,2019-2021,4.993438115
440,Eastbourne,2004-2009,0.956373957
441,Eastbourne,2009-2014,2.644941532
442,Eastbourne,2014-2019,5.216171888
443,Eastbourne,2019-2021,5.463021859
444,Eastleigh,2004-2009,0.774428803
445,Eastleigh,2009-2014,3.992533304
446,Eastleigh,2014-2019,5.922384105
447,Eastleigh,2019-2021,2.46950766
448,Eden,2004-2009,1.33867592
449,Eden,2009-2014,0.463519291
450,Eden,2014-2019,3.215082129
451,Eden,2019-2021,4.764544365
452,Eilean Siar,2004-2009,8.44717712
453,Eilean Siar,2009-2014,0
454,Eilean Siar,2014-2019,5.477316323
455,Eilean Siar,2019-2021,3.553871272
456,Elmbridge,2004-2009,4.925776903
457,Elmbridge,2009-2014,4.735278879
458,Elmbridge,2014-2019,4.925151965
459,Elmbridge,2019-2021,4.595272074
460,Enfield,2004-2009,3.009233992
461,Enfield,2009-2014,4.841317128
462,Enfield,2014-2019,7.649116842
463,Enfield,2019-2021,5.659050495
464,Epping Forest,2004-2009,1.81476445
465,Epping Forest,2009-2014,6.342724238
466,Epping Forest,2014-2019,5.766155719
467,Epping Forest,2019-2021,5.409255339
468,Epsom and Ewell,2004-2009,0.201208871
469,Epsom and Ewell,2009-2014,7.862522144
470,Epsom and Ewell,2014-2019,4.973264547
471,Epsom and Ewell,2019-2021,5.720322899
472,Erewash,2004-2009,1.228912835
473,Erewash,2009-2014,1.46881807
474,Erewash,2014-2019,4.563955259
475,Erewash,2019-2021,8.209865539
476,Exeter,2004-2009,1.57462417
477,Exeter,2009-2014,3.275401068
478,Exeter,2014-2019,4.226979884
479,Exeter,2019-2021,4.881933642
480,Falkirk,2004-2009,6.408924725
481,Falkirk,2009-2014,0.480791404
482,Falkirk,2014-2019,4.224778631
483,Falkirk,2019-2021,2.568178369
484,Fareham,2004-2009,0.975265839
485,Fareham,2009-2014,3.894596027
486,Fareham,2014-2019,4.745631793
487,Fareham,2019-2021,4.716365681
488,Fenland,2004-2009,0.4765606
489,Fenland,2009-2014,2.034065645
490,Fenland,2014-2019,6.146797948
491,Fenland,2019-2021,6.375699639
492,Fife,2004-2009,8.083252208
493,Fife,2009-2014,0.668130818
494,Fife,2014-2019,2.421736169
495,Fife,2019-2021,4.446593573
496,Flintshire,2004-2009,2.728359369
497,Flintshire,2009-2014,1.29533782
498,Flintshire,2014-2019,2.763900035
499,Flintshire,2019-2021,5.169415994
500,Forest Heath,2004-2009,0.899391923
501,Forest Heath,2009-2014,3.713728934
502,Forest Heath,2014-2019,5.839502639
503,Forest Heath,2019-2021,2.899151086
504,Forest of Dean,2004-2009,1.709268203
505,Forest of Dean,2009-2014,1.219872925
506,Forest of Dean,2014-2019,6.232103967
507,Forest of Dean,2019-2021,8.337235158
508,Fylde,2004-2009,1.654842368
509,Fylde,2009-2014,0.951419907
510,Fylde,2014-2019,2.839840561
511,Fylde,2019-2021,4.54495799
512,Gateshead,2004-2009,4.520800496
513,Gateshead,2009-2014,0.652583944
514,Gateshead,2014-2019,2.035436193
515,Gateshead,2019-2021,1.970814532
516,Gedling,2004-2009,0.795563787
517,Gedling,2009-2014,2.066642299
518,Gedling,2014-2019,5.138517084
519,Gedling,2019-2021,7.803625271
520,Glasgow City,2004-2009,3.570030801
521,Glasgow City,2009-2014,-0.350271307
522,Glasgow City,2014-2019,4.3782277
523,Glasgow City,2019-2021,6.904496765
524,Gloucester,2004-2009,1.497091525
525,Gloucester,2009-2014,2.452500685
526,Gloucester,2014-2019,5.294877842
527,Gloucester,2019-2021,4.190909974
528,Gosport,2004-2009,0.723554603
529,Gosport,2009-2014,2.707526043
530,Gosport,2014-2019,5.292447336
531,Gosport,2019-2021,5.409255339
532,Gravesham,2004-2009,1.363576529
533,Gravesham,2009-2014,4.209730594
534,Gravesham,2014-2019,7.030972149
535,Gravesham,2019-2021,6.673850333
536,Great Yarmouth,2004-2009,2.402737675
537,Great Yarmouth,2009-2014,0.879901023
538,Great Yarmouth,2014-2019,5.445236841
539,Great Yarmouth,2019-2021,5.985266487
540,Greenwich,2004-2009,4.095039697
541,Greenwich,2009-2014,7.612868939
542,Greenwich,2014-2019,7.696805241
543,Greenwich,2019-2021,-1.643947601
544,Guildford,2004-2009,1.031145932
545,Guildford,2009-2014,6.653673186
546,Guildford,2014-2019,4.745176373
547,Guildford,2019-2021,5.045146288
548,Gwynedd,2004-2009,4.470843842
549,Gwynedd,2009-2014,-0.287361074
550,Gwynedd,2014-2019,3.002598081
551,Gwynedd,2019-2021,4.582503317
552,Hackney,2004-2009,5.045837225
553,Hackney,2009-2014,9.402920416
554,Hackney,2014-2019,6.840225515
555,Hackney,2019-2021,-0.836834796
556,Halton,2004-2009,3.817754949
557,Halton,2009-2014,0.811714976
558,Halton,2014-2019,3.722028024
559,Halton,2019-2021,2.632028789
560,Hambleton,2004-2009,0.280116434
561,Hambleton,2009-2014,3.131030648
562,Hambleton,2014-2019,2.275053066
563,Hambleton,2019-2021,6.19131671
564,Hammersmith and Fulham,2004-2009,6.854254483
565,Hammersmith and Fulham,2009-2014,9.613861285
566,Hammersmith and Fulham,2014-2019,1.824260539
567,Hammersmith and Fulham,2019-2021,4.437620113
568,Harborough,2004-2009,0.923944522
569,Harborough,2009-2014,4.516447122
570,Harborough,2014-2019,5.850836006
571,Harborough,2019-2021,3.335120299
572,Haringey,2004-2009,3.25523538
573,Haringey,2009-2014,10.12933148
574,Haringey,2014-2019,4.92293756
575,Haringey,2019-2021,3.34220653
576,Harlow,2004-2009,1.57145026
577,Harlow,2009-2014,4.563955259
578,Harlow,2014-2019,7.528000641
579,Harlow,2019-2021,3.503833157
580,Harrogate,2004-2009,1.841062542
581,Harrogate,2009-2014,2.903366107
582,Harrogate,2014-2019,5.459356622
583,Harrogate,2019-2021,2.855317579
584,Harrow,2004-2009,0.404871546
585,Harrow,2009-2014,8.156429832
586,Harrow,2014-2019,4.268379444
587,Harrow,2019-2021,9.123300614
588,Hart,2004-2009,1.157064945
589,Hart,2009-2014,6.030385633
590,Hart,2014-2019,3.480487301
591,Hart,2019-2021,3.401276101
592,Hartlepool,2004-2009,14.33359964
593,Hartlepool,2009-2014,3.002598081
594,Hartlepool,2014-2019,1.60591883
595,Hartlepool,2019-2021,0.785678456
596,Hastings,2004-2009,2.249439476
597,Hastings,2009-2014,2.975477857
598,Hastings,2014-2019,6.399531282
599,Hastings,2019-2021,10.15141095
600,Havant,2004-2009,1.183183452
601,Havant,2009-2014,4.683307069
602,Havant,2014-2019,4.335287892
603,Havant,2019-2021,6.757008311
604,Havering,2004-2009,1.245196889
605,Havering,2009-2014,4.563955259
606,Havering,2014-2019,8.009875866
607,Havering,2019-2021,4.978131834
608,"Herefordshire, County of",2004-2009,1.306856617
609,"Herefordshire, County of",2009-2014,1.658362638
610,"Herefordshire, County of",2014-2019,4.519891208
611,"Herefordshire, County of",2019-2021,6.735210045
612,Hertsmere,2004-2009,1.948967154
613,Hertsmere,2009-2014,7.921560232
614,Hertsmere,2014-2019,3.751484214
615,Hertsmere,2019-2021,9.75178607
616,High Peak,2004-2009,1.477433185
617,High Peak,2009-2014,0.384241194
618,High Peak,2014-2019,4.650158142
619,High Peak,2019-2021,7.60551737
620,Highland,2004-2009,8.130999209
621,Highland,2009-2014,1.705528617
622,Highland,2014-2019,2.567439351
623,Highland,2019-2021,4.937623195
624,Hillingdon,2004-2009,1.836088134
625,Hillingdon,2009-2014,5.858985092
626,Hillingdon,2014-2019,6.555670186
627,Hillingdon,2019-2021,5.220856162
628,Hinckley and Bosworth,2004-2009,2.745779814
629,Hinckley and Bosworth,2009-2014,1.924487649
630,Hinckley and Bosworth,2014-2019,4.334813636
631,Hinckley and Bosworth,2019-2021,7.329436052
632,Horsham,2004-2009,1.499787506
633,Horsham,2009-2014,6.022752937
634,Horsham,2014-2019,3.659228783
635,Horsham,2019-2021,5.131496608
636,Hounslow,2004-2009,2.035266135
637,Hounslow,2009-2014,5.919073823
638,Hounslow,2014-2019,5.33997148
639,Hounslow,2019-2021,5.567884857
640,Huntingdonshire,2004-2009,1.642070455
641,Huntingdonshire,2009-2014,3.454441366
642,Huntingdonshire,2014-2019,7.122205111
643,Huntingdonshire,2019-2021,2.20777158
644,Hyndburn,2004-2009,7.943920235
645,Hyndburn,2009-2014,0.234194603
646,Hyndburn,2014-2019,5.045837225
647,Hyndburn,2019-2021,3.791749541
648,Inverclyde,2004-2009,4.563955259
649,Inverclyde,2009-2014,1.717742563
650,Inverclyde,2014-2019,1.000199077
651,Inverclyde,2019-2021,0.966206016
652,Ipswich,2004-2009,-0.326005311
653,Ipswich,2009-2014,4.718407861
654,Ipswich,2014-2019,5.503705447
655,Ipswich,2019-2021,6.066017178
656,Isle of Anglesey,2004-2009,3.712346047
657,Isle of Anglesey,2009-2014,0.001333387
658,Isle of Anglesey,2014-2019,3.131030648
659,Isle of Anglesey,2019-2021,8.730072066
660,Isle of Wight,2004-2009,1.521611448
661,Isle of Wight,2009-2014,1.642144009
662,Isle of Wight,2014-2019,3.733035288
663,Isle of Wight,2019-2021,9.544511501
664,Isles of Scilly,2004-2009,1.671570169
665,Isles of Scilly,2009-2014,-6.564743002
666,Isles of Scilly,2014-2019,7.508099103
667,Isles of Scilly,2019-2021,0.958370592
668,Islington,2004-2009,6.653673186
669,Islington,2009-2014,9.170911755
670,Islington,2014-2019,2.319755495
671,Islington,2019-2021,3.642012074
672,Kensington and Chelsea,2004-2009,8.367611974
673,Kensington and Chelsea,2009-2014,11.98331559
674,Kensington and Chelsea,2014-2019,0.861842683
675,Kensington and Chelsea,2019-2021,0
676,Kettering,2004-2009,1.796620942
677,Kettering,2009-2014,2.12956876
678,Kettering,2014-2019,7.21450259
679,Kettering,2019-2021,4.600078731
680,King's Lynn and West Norfolk,2004-2009,1.390145627
681,King's Lynn and West Norfolk,2009-2014,1.769586496
682,King's Lynn and West Norfolk,2014-2019,6.31883773
683,King's Lynn and West Norfolk,2019-2021,6.011700097
684,"Kingston upon Hull, City of",2004-2009,7.21450259
685,"Kingston upon Hull, City of",2009-2014,3.148357771
686,"Kingston upon Hull, City of",2014-2019,3.870003468
687,"Kingston upon Hull, City of",2019-2021,2.062072616
688,Kingston upon Thames,2004-2009,2.815639325
689,Kingston upon Thames,2009-2014,7.354287293
690,Kingston upon Thames,2014-2019,4.726406517
691,Kingston upon Thames,2019-2021,4.536285813
692,Kirklees,2004-2009,4.563955259
693,Kirklees,2009-2014,0.159490444
694,Kirklees,2014-2019,4.497480981
695,Kirklees,2019-2021,5.576971046
696,Knowsley,2004-2009,2.130600403
697,Knowsley,2009-2014,0.450468691
698,Knowsley,2014-2019,6.203349284
699,Knowsley,2019-2021,2.597835209
700,Lambeth,2004-2009,4.563955259
701,Lambeth,2009-2014,8.838693361
702,Lambeth,2014-2019,5.057203362
703,Lambeth,2019-2021,1.339861071
704,Lancaster,2004-2009,2.996744996
705,Lancaster,2009-2014,1.668851533
706,Lancaster,2014-2019,2.669503711
707,Lancaster,2019-2021,6.735210045
708,Leeds,2004-2009,1.539184863
709,Leeds,2009-2014,1.978934522
710,Leeds,2014-2019,4.280574772
711,Leeds,2019-2021,8.31178092
712,Leicester,2004-2009,0.863597504
713,Leicester,2009-2014,0.81978185
714,Leicester,2014-2019,7.204409913
715,Leicester,2019-2021,10.21294232
716,Lewes,2004-2009,2.292455663
717,Lewes,2009-2014,3.548578846
718,Lewes,2014-2019,5.387395206
719,Lewes,2019-2021,7.058574909
720,Lewisham,2004-2009,3.617519372
721,Lewisham,2009-2014,7.938012944
722,Lewisham,2014-2019,6.322858232
723,Lewisham,2019-2021,4.008446817
724,Lichfield,2004-2009,0.844510767
725,Lichfield,2009-2014,2.46380077
726,Lichfield,2014-2019,5.618602325
727,Lichfield,2019-2021,4.864825668
728,Lincoln,2004-2009,2.148651267
729,Lincoln,2009-2014,0.988660153
730,Lincoln,2014-2019,4.396114979
731,Lincoln,2019-2021,5.341227416
732,Liverpool,2004-2009,5.333889986
733,Liverpool,2009-2014,0
734,Liverpool,2014-2019,1.640219078
735,Liverpool,2019-2021,10.04260539
736,Luton,2004-2009,1.597976161
737,Luton,2009-2014,2.988386906
738,Luton,2014-2019,7.837884745
739,Luton,2019-2021,5.945692673
740,Maidstone,2004-2009,0.930845348
741,Maidstone,2009-2014,4.22260753
742,Maidstone,2014-2019,6.724918188
743,Maidstone,2019-2021,4.653623694
744,Maldon,2004-2009,1.058710032
745,Maldon,2009-2014,4.0659059
746,Maldon,2014-2019,6.099809529
747,Maldon,2019-2021,5.066942946
748,Malvern Hills,2004-2009,0.552374486
749,Malvern Hills,2009-2014,2.439487773
750,Malvern Hills,2014-2019,5.506125146
751,Malvern Hills,2019-2021,4.293782089
752,Manchester,2004-2009,4.56500093
753,Manchester,2009-2014,1.539540845
754,Manchester,2014-2019,6.05191551
755,Manchester,2019-2021,9.241483226
756,Mansfield,2004-2009,3.640309209
757,Mansfield,2009-2014,0.9021735
758,Mansfield,2014-2019,5.457794331
759,Mansfield,2019-2021,4.880884817
760,Medway,2004-2009,1.490482575
761,Medway,2009-2014,3.532726558
762,Medway,2014-2019,7.891884714
763,Medway,2019-2021,5.498815159
764,Melton,2004-2009,0.680334868
765,Melton,2009-2014,2.534857566
766,Melton,2014-2019,5.716752049
767,Melton,2019-2021,5.531393104
768,Mendip,2004-2009,1.515842519
769,Mendip,2009-2014,2.482356331
770,Mendip,2014-2019,5.812158615
771,Mendip,2019-2021,5.521268297
772,Merthyr Tydfil,2004-2009,7.676066013
773,Merthyr Tydfil,2009-2014,0.923944522
774,Merthyr Tydfil,2014-2019,3.945753019
775,Merthyr Tydfil,2019-2021,7.582870728
776,Merton,2004-2009,2.12956876
777,Merton,2009-2014,9.01948953
778,Merton,2014-2019,4.070448378
779,Merton,2019-2021,7.683539507
780,Mid Devon,2004-2009,0.805021219
781,Mid Devon,2009-2014,1.664172684
782,Mid Devon,2014-2019,4.36507901
783,Mid Devon,2019-2021,7.205841515
784,Mid Suffolk,2004-2009,0.937569532
785,Mid Suffolk,2009-2014,2.78201746
786,Mid Suffolk,2014-2019,5.922384105
787,Mid Suffolk,2019-2021,7.417231106
788,Mid Sussex,2004-2009,1.759419849
789,Mid Sussex,2009-2014,4.857853987
790,Mid Sussex,2014-2019,5.123152694
791,Mid Sussex,2019-2021,3.237080242
792,Middlesbrough,2004-2009,11.29660696
793,Middlesbrough,2009-2014,1.57145026
794,Middlesbrough,2014-2019,2.534103622
795,Middlesbrough,2019-2021,-1.014373044
796,Midlothian,2004-2009,8.379912313
797,Midlothian,2009-2014,1.139944097
798,Midlothian,2014-2019,5.108588666
799,Midlothian,2019-2021,8.869010919
800,Milton Keynes,2004-2009,1.083621007
801,Milton Keynes,2009-2014,5.322390824
802,Milton Keynes,2014-2019,6.488913018
803,Milton Keynes,2019-2021,4.382240702
804,Mole Valley,2004-2009,3.186567045
805,Mole Valley,2009-2014,5.202384195
806,Mole Valley,2014-2019,3.513042465
807,Mole Valley,2019-2021,7.631399542
808,Monmouthshire,2004-2009,1.327191104
809,Monmouthshire,2009-2014,3.713728934
810,Monmouthshire,2014-2019,4.259098888
811,Monmouthshire,2019-2021,7.191417567
812,Moray,2004-2009,10.93328057
813,Moray,2009-2014,1.174467558
814,Moray,2014-2019,3.350141377
815,Moray,2019-2021,1.154918122
816,Neath Port Talbot,2004-2009,5.323316888
817,Neath Port Talbot,2009-2014,0.995221
818,Neath Port Talbot,2014-2019,3.002598081
819,Neath Port Talbot,2019-2021,6.848802832
820,New Forest,2004-2009,1.163103471
821,New Forest,2009-2014,3.164117286
822,New Forest,2014-2019,4.883728678
823,New Forest,2019-2021,7.301613984
824,Newark and Sherwood,2004-2009,1.657947711
825,Newark and Sherwood,2009-2014,1.117322691
826,Newark and Sherwood,2014-2019,5.122883526
827,Newark and Sherwood,2019-2021,7.60693326
828,Newcastle upon Tyne,2004-2009,1.284408829
829,Newcastle upon Tyne,2009-2014,0.787498852
830,Newcastle upon Tyne,2014-2019,2.902742443
831,Newcastle upon Tyne,2019-2021,4.446725454
832,Newcastle-under-Lyme,2004-2009,4.569184241
833,Newcastle-under-Lyme,2009-2014,0.787498852
834,Newcastle-under-Lyme,2014-2019,2.627481798
835,Newcastle-under-Lyme,2019-2021,6.542720781
836,Newham,2004-2009,1.35324964
837,Newham,2009-2014,4.563955259
838,Newham,2014-2019,10.77434972
839,Newham,2019-2021,1.310359632
840,Newport,2004-2009,0.345213232
841,Newport,2009-2014,3.131030648
842,Newport,2014-2019,5.15474968
843,Newport,2019-2021,5.409255339
844,North Ayrshire,2004-2009,5.853214008
845,North Ayrshire,2009-2014,1.646106767
846,North Ayrshire,2014-2019,0.693822756
847,North Ayrshire,2019-2021,3.857632204
848,North Devon,2004-2009,0.117556307
849,North Devon,2009-2014,2.701575592
850,North Devon,2014-2019,4.777386237
851,North Devon,2019-2021,6.240899436
852,North Dorset,2004-2009,1.488364425
853,North Dorset,2009-2014,2.711500199
854,North Dorset,2014-2019,3.496752704
855,North Dorset,2019-2021,7.60551737
856,North East Derbyshire,2004-2009,3.61032521
857,North East Derbyshire,2009-2014,1.389421401
858,North East Derbyshire,2014-2019,4.841317128
859,North East Derbyshire,2019-2021,4.629672756
860,North East Lincolnshire,2004-2009,8.01851873
861,North East Lincolnshire,2009-2014,1.129739324
862,North East Lincolnshire,2014-2019,2.249439476
863,North East Lincolnshire,2019-2021,4.413867082
864,North Hertfordshire,2004-2009,1.713488371
865,North Hertfordshire,2009-2014,4.644762689
866,North Hertfordshire,2014-2019,6.961465422
867,North Hertfordshire,2019-2021,4.880884817
868,North Kesteven,2004-2009,1.299887203
869,North Kesteven,2009-2014,1.808400232
870,North Kesteven,2014-2019,4.893816562
871,North Kesteven,2019-2021,6.066017178
872,North Lanarkshire,2004-2009,6.073271304
873,North Lanarkshire,2009-2014,1.04189164
874,North Lanarkshire,2014-2019,3.922410157
875,North Lanarkshire,2019-2021,0
876,North Lincolnshire,2004-2009,4.216703236
877,North Lincolnshire,2009-2014,0.494045976
878,North Lincolnshire,2014-2019,3.117164817
879,North Lincolnshire,2019-2021,5.962588565
880,North Norfolk,2004-2009,1.558383046
881,North Norfolk,2009-2014,3.025579476
882,North Norfolk,2014-2019,5.345373041
883,North Norfolk,2019-2021,7.340424991
884,North Somerset,2004-2009,2.270290993
885,North Somerset,2009-2014,2.755347352
886,North Somerset,2014-2019,4.868220216
887,North Somerset,2019-2021,7.408279297
888,North Tyneside,2004-2009,2.596644208
889,North Tyneside,2009-2014,1.882652437
890,North Tyneside,2014-2019,3.451942432
891,North Tyneside,2019-2021,0.576373649
892,North Warwickshire,2004-2009,3.454381207
893,North Warwickshire,2009-2014,0.258401379
894,North Warwickshire,2014-2019,6.125302038
895,North Warwickshire,2019-2021,6.904496765
896,North West Leicestershire,2004-2009,0.593765234
897,North West Leicestershire,2009-2014,3.950634607
898,North West Leicestershire,2014-2019,5.119849324
899,North West Leicestershire,2019-2021,5.654108759
900,Northampton,2004-2009,1.553748717
901,Northampton,2009-2014,3.545906486
902,Northampton,2014-2019,5.879291176
903,Northampton,2019-2021,5.258870102
904,Northumberland,2004-2009,3.47316101
905,Northumberland,2009-2014,1.693487234
906,Northumberland,2014-2019,2.307162716
907,Northumberland,2019-2021,3.095792906
908,Norwich,2004-2009,1.55112784
909,Norwich,2009-2014,3.449904763
910,Norwich,2014-2019,4.042330922
911,Norwich,2019-2021,5.611770906
912,Nottingham,2004-2009,0.602989251
913,Nottingham,2009-2014,1.323712065
914,Nottingham,2014-2019,4.941452284
915,Nottingham,2019-2021,8.890508572
916,Nuneaton and Bedworth,2004-2009,1.875240813
917,Nuneaton and Bedworth,2009-2014,1.714394162
918,Nuneaton and Bedworth,2014-2019,6.503834568
919,Nuneaton and Bedworth,2019-2021,4.624288721
920,Oadby and Wigston,2004-2009,-0.144300746
921,Oadby and Wigston,2009-2014,2.547966088
922,Oadby and Wigston,2014-2019,7.530987778
923,Oadby and Wigston,2019-2021,5.409255339
924,Oldham,2004-2009,5.602491861
925,Oldham,2009-2014,2.078452834
926,Oldham,2014-2019,3.317092183
927,Oldham,2019-2021,11.39460994
928,Orkney Islands,2004-2009,11.07826225
929,Orkney Islands,2009-2014,0.892998907
930,Orkney Islands,2014-2019,5.457794331
931,Orkney Islands,2019-2021,6.458129484
932,Oxford,2004-2009,1.129739324
933,Oxford,2009-2014,5.766155719
934,Oxford,2014-2019,4.630260928
935,Oxford,2019-2021,4.184597613
936,Pembrokeshire,2004-2009,3.68781993
937,Pembrokeshire,2009-2014,-0.632962267
938,Pembrokeshire,2014-2019,2.456913836
939,Pembrokeshire,2019-2021,6.368631251
940,Pendle,2004-2009,10.86553978
941,Pendle,2009-2014,1.595338186
942,Pendle,2014-2019,3.6384649
943,Pendle,2019-2021,8.711461301
944,Perth and Kinross,2004-2009,7.26117849
945,Perth and Kinross,2009-2014,2.165067402
946,Perth and Kinross,2014-2019,1.87579537
947,Perth and Kinross,2019-2021,5.520261431
948,Peterborough,2004-2009,1.613736474
949,Peterborough,2009-2014,2.903366107
950,Peterborough,2014-2019,6.133386543
951,Peterborough,2019-2021,4.360380935
952,Plymouth,2004-2009,3.204590659
953,Plymouth,2009-2014,2.375527505
954,Plymouth,2014-2019,2.527221666
955,Plymouth,2019-2021,4.373630523
956,Poole,2004-2009,0.753583643
957,Poole,2009-2014,3.531133208
958,Poole,2014-2019,4.637878242
959,Poole,2019-2021,6.242543052
960,Portsmouth,2004-2009,1.439440874
961,Portsmouth,2009-2014,2.430655259
962,Portsmouth,2014-2019,5.133302656
963,Portsmouth,2019-2021,6.234242529
964,Powys,2004-2009,1.791773022
965,Powys,2009-2014,0.898732441
966,Powys,2014-2019,2.326682457
967,Powys,2019-2021,9.442751598
968,Preston,2004-2009,5.034129508
969,Preston,2009-2014,-0.205023229
970,Preston,2014-2019,3.880472124
971,Preston,2019-2021,2.794292967
972,Purbeck ,2004-2009,1.488364425
973,Purbeck ,2009-2014,2.711500199
974,Purbeck ,2014-2019,3.496752704
975,Purbeck ,2019-2021,7.60551737
976,Reading,2004-2009,1.164425139
977,Reading,2009-2014,4.759441732
978,Reading,2014-2019,5.950007628
979,Reading,2019-2021,2.095312178
980,Redbridge,2004-2009,1.12387775
981,Redbridge,2009-2014,5.457794331
982,Redbridge,2014-2019,7.21450259
983,Redbridge,2019-2021,7.375098439
984,Redcar and Cleveland,2004-2009,5.913555768
985,Redcar and Cleveland,2009-2014,0.503450396
986,Redcar and Cleveland,2014-2019,1.26823409
987,Redcar and Cleveland,2019-2021,3.37805812
988,Redditch,2004-2009,0.533838173
989,Redditch,2009-2014,2.939384095
990,Redditch,2014-2019,5.631916154
991,Redditch,2019-2021,4.064850394
992,Reigate and Banstead,2004-2009,1.77776273
993,Reigate and Banstead,2009-2014,5.569087503
994,Reigate and Banstead,2014-2019,4.913888094
995,Reigate and Banstead,2019-2021,4.362667008
996,Renfrewshire,2004-2009,6.932252654
997,Renfrewshire,2009-2014,0.565007721
998,Renfrewshire,2014-2019,2.966808428
999,Renfrewshire,2019-2021,3.923048454
1000,Rhondda Cynon Taf,2004-2009,4.650348069
1001,Rhondda Cynon Taf,2009-2014,1.180584568
1002,Rhondda Cynon Taf,2014-2019,3.570030801
1003,Rhondda Cynon Taf,2019-2021,8.32720161
1004,Ribble Valley,2004-2009,0.185644843
1005,Ribble Valley,2009-2014,3.55367612
1006,Ribble Valley,2014-2019,4.226575246
1007,Ribble Valley,2019-2021,0.000420171
1008,Richmond upon Thames,2004-2009,5.24845287
1009,Richmond upon Thames,2009-2014,7.208578362
1010,Richmond upon Thames,2014-2019,3.486646396
1011,Richmond upon Thames,2019-2021,6.48278113
1012,Richmondshire,2004-2009,1.808400232
1013,Richmondshire,2009-2014,1.008042534
1014,Richmondshire,2014-2019,2.678684124
1015,Richmondshire,2019-2021,6.346244924
1016,Rochdale,2004-2009,4.466504992
1017,Rochdale,2009-2014,2.319755495
1018,Rochdale,2014-2019,3.204590659
1019,Rochdale,2019-2021,8.36868663
1020,Rochford,2004-2009,1.110208666
1021,Rochford,2009-2014,4.18684719
1022,Rochford,2014-2019,6.737267751
1023,Rochford,2019-2021,5.131496608
1024,Rossendale,2004-2009,5.15474968
1025,Rossendale,2009-2014,1.299136822
1026,Rossendale,2014-2019,2.383625554
1027,Rossendale,2019-2021,11.13888542
1028,Rother,2004-2009,2.864796619
1029,Rother,2009-2014,2.769158456
1030,Rother,2014-2019,4.723649809
1031,Rother,2019-2021,8.272678793
1032,Rotherham,2004-2009,5.15474968
1033,Rotherham,2009-2014,1.331583702
1034,Rotherham,2014-2019,2.292455663
1035,Rotherham,2019-2021,8.232553856
1036,Rugby,2004-2009,0.410410514
1037,Rugby,2009-2014,4.558302542
1038,Rugby,2014-2019,6.212697722
1039,Rugby,2019-2021,1.980798196
1040,Runnymede,2004-2009,1.481845822
1041,Runnymede,2009-2014,5.272504454
1042,Runnymede,2014-2019,4.40663666
1043,Runnymede,2019-2021,5.872886095
1044,Rushcliffe,2004-2009,0.336707958
1045,Rushcliffe,2009-2014,3.180093958
1046,Rushcliffe,2014-2019,5.875797678
1047,Rushcliffe,2019-2021,3.32794821
1048,Rushmoor,2004-2009,0.700185093
1049,Rushmoor,2009-2014,5.613411917
1050,Rushmoor,2014-2019,5.46238005
1051,Rushmoor,2019-2021,4.083299973
1052,Rutland,2004-2009,0.839131819
1053,Rutland,2009-2014,2.389443797
1054,Rutland,2014-2019,4.563955259
1055,Rutland,2019-2021,4.620526406
1056,Ryedale,2004-2009,0.474156834
1057,Ryedale,2009-2014,1.708759571
1058,Ryedale,2014-2019,3.713728934
1059,Ryedale,2019-2021,5.052539408
1060,Salford,2004-2009,3.895047749
1061,Salford,2009-2014,0.85482523
1062,Salford,2014-2019,7.277495878
1063,Salford,2019-2021,8.306072215
1064,Sandwell,2004-2009,1.924487649
1065,Sandwell,2009-2014,1.499787506
1066,Sandwell,2014-2019,5.510248536
1067,Sandwell,2019-2021,6.273071826
1068,Scarborough,2004-2009,1.501006866
1069,Scarborough,2009-2014,0.704294969
1070,Scarborough,2014-2019,2.305050154
1071,Scarborough,2019-2021,5.538910069
1072,Scottish Borders,2004-2009,8.416967241
1073,Scottish Borders,2009-2014,0.337880842
1074,Scottish Borders,2014-2019,0
1075,Scottish Borders,2019-2021,6.673850333
1076,Sedgemoor,2004-2009,1.031145932
1077,Sedgemoor,2009-2014,1.219872925
1078,Sedgemoor,2014-2019,4.808838399
1079,Sedgemoor,2019-2021,6.748999233
1080,Sefton,2004-2009,2.686382908
1081,Sefton,2009-2014,0.274352547
1082,Sefton,2014-2019,3.548578846
1083,Sefton,2019-2021,5.89752459
1084,Selby,2004-2009,2.278523574
1085,Selby,2009-2014,0.403616414
1086,Selby,2014-2019,5.165483042
1087,Selby,2019-2021,2.353263144
1088,Sevenoaks,2004-2009,1.686036299
1089,Sevenoaks,2009-2014,5.565142513
1090,Sevenoaks,2014-2019,4.064705181
1091,Sevenoaks,2019-2021,5.148704224
1092,Sheffield,2004-2009,2.91583622
1093,Sheffield,2009-2014,1.003287343
1094,Sheffield,2014-2019,3.945753019
1095,Sheffield,2019-2021,6.863244787
1096,Shepway,2004-2009,2.534857566
1097,Shepway,2009-2014,1.924487649
1098,Shepway,2014-2019,6.648713242
1099,Shepway,2019-2021,8.191618698
1100,Shetland Islands,2004-2009,8.490434883
1101,Shetland Islands,2009-2014,6.006650229
1102,Shetland Islands,2014-2019,4.229878283
1103,Shetland Islands,2019-2021,2.548179078
1104,Shropshire,2004-2009,2.23149468
1105,Shropshire,2009-2014,1.280230674
1106,Shropshire,2014-2019,4.269404225
1107,Shropshire,2019-2021,7.661084385
1108,Slough,2004-2009,0.940235935
1109,Slough,2009-2014,5.15474968
1110,Slough,2014-2019,7.532155991
1111,Slough,2019-2021,3.71760495
1112,Solihull,2004-2009,-0.433494153
1113,Solihull,2009-2014,3.526180276
1114,Solihull,2014-2019,4.787336011
1115,Solihull,2019-2021,7.298005692
1116,South Ayrshire,2004-2009,6.960698012
1117,South Ayrshire,2009-2014,-0.158919519
1118,South Ayrshire,2014-2019,0.787498852
1119,South Ayrshire,2019-2021,9.19284282
1120,South Bucks,2004-2009,2.180594141
1121,South Bucks,2009-2014,4.478457225
1122,South Bucks,2014-2019,5.039574431
1123,South Bucks,2019-2021,5.421984765
1124,South Cambridgeshire,2004-2009,1.97196065
1125,South Cambridgeshire,2009-2014,4.583401784
1126,South Cambridgeshire,2014-2019,6.583478223
1127,South Cambridgeshire,2019-2021,3.323161371
1128,South Derbyshire,2004-2009,1.321980243
1129,South Derbyshire,2009-2014,2.859849021
1130,South Derbyshire,2014-2019,5.922384105
1131,South Derbyshire,2019-2021,1.026838109
1132,South Gloucestershire,2004-2009,1.864637644
1133,South Gloucestershire,2009-2014,3.815210272
1134,South Gloucestershire,2014-2019,6.243366913
1135,South Gloucestershire,2019-2021,3.975048982
1136,South Hams,2004-2009,2.328072822
1137,South Hams,2009-2014,1.681614782
1138,South Hams,2014-2019,3.012896282
1139,South Hams,2019-2021,9.858843601
1140,South Holland,2004-2009,0.155336653
1141,South Holland,2009-2014,2.696731174
1142,South Holland,2014-2019,4.718407861
1143,South Holland,2019-2021,8.465228909
1144,South Kesteven,2004-2009,0.67362195
1145,South Kesteven,2009-2014,2.420772444
1146,South Kesteven,2014-2019,4.932579994
1147,South Kesteven,2019-2021,5.654108759
1148,South Lakeland,2004-2009,2.309692576
1149,South Lakeland,2009-2014,1.531324576
1150,South Lakeland,2014-2019,3.629271388
1151,South Lakeland,2019-2021,3.015750728
1152,South Lanarkshire,2004-2009,4.906154109
1153,South Lanarkshire,2009-2014,0.75751037
1154,South Lanarkshire,2014-2019,4.235016207
1155,South Lanarkshire,2019-2021,3.384746443
1156,South Norfolk,2004-2009,1.22024517
1157,South Norfolk,2009-2014,2.788064529
1158,South Norfolk,2014-2019,5.922384105
1159,South Norfolk,2019-2021,4.697366068
1160,South Northamptonshire,2004-2009,1.796620942
1161,South Northamptonshire,2009-2014,2.12956876
1162,South Northamptonshire,2014-2019,7.21450259
1163,South Northamptonshire,2019-2021,4.600078731
1164,South Oxfordshire,2004-2009,2.466226408
1165,South Oxfordshire,2009-2014,3.838635433
1166,South Oxfordshire,2014-2019,5.115774595
1167,South Oxfordshire,2019-2021,6.386943833
1168,South Ribble,2004-2009,1.672839016
1169,South Ribble,2009-2014,1.608092207
1170,South Ribble,2014-2019,1.924487649
1171,South Ribble,2019-2021,5.097357462
1172,South Somerset,2004-2009,1.219872925
1173,South Somerset,2009-2014,1.705528617
1174,South Somerset,2014-2019,4.084807215
1175,South Somerset,2019-2021,6.638086142
1176,South Staffordshire,2004-2009,1.744513917
1177,South Staffordshire,2009-2014,1.26892387
1178,South Staffordshire,2014-2019,4.999713998
1179,South Staffordshire,2019-2021,6.691965658
1180,South Tyneside,2004-2009,5.027145378
1181,South Tyneside,2009-2014,1.686065562
1182,South Tyneside,2014-2019,1.570556223
1183,South Tyneside,2019-2021,2.702202571
1184,Southampton,2004-2009,0.542037182
1185,Southampton,2009-2014,2.534857566
1186,Southampton,2014-2019,5.243945407
1187,Southampton,2019-2021,3.470528856
1188,Southend-on-Sea,2004-2009,2.534857566
1189,Southend-on-Sea,2009-2014,3.611848846
1190,Southend-on-Sea,2014-2019,7.021187217
1191,Southend-on-Sea,2019-2021,6.787212586
1192,Southwark,2004-2009,4.841317128
1193,Southwark,2009-2014,8.06396196
1194,Southwark,2014-2019,5.15474968
1195,Southwark,2019-2021,0.92167847
1196,Spelthorne,2004-2009,2.080302182
1197,Spelthorne,2009-2014,4.545763895
1198,Spelthorne,2014-2019,6.306767818
1199,Spelthorne,2019-2021,3.774904333
1200,St Albans,2004-2009,4.057159396
1201,St Albans,2009-2014,6.345287825
1202,St Albans,2014-2019,5.802107598
1203,St Albans,2019-2021,3.572548135
1204,St Edmundsbury,2004-2009,0.899391923
1205,St Edmundsbury,2009-2014,3.713728934
1206,St Edmundsbury,2014-2019,5.839502639
1207,St Edmundsbury,2019-2021,2.899151086
1208,St. Helens,2004-2009,2.706608709
1209,St. Helens,2009-2014,1.808400232
1210,St. Helens,2014-2019,2.411469895
1211,St. Helens,2019-2021,5.980583401
1212,Stafford,2004-2009,1.665625506
1213,Stafford,2009-2014,1.899481938
1214,Stafford,2014-2019,5.378315782
1215,Stafford,2019-2021,1.145512736
1216,Staffordshire Moorlands,2004-2009,0.787498852
1217,Staffordshire Moorlands,2009-2014,1.924487649
1218,Staffordshire Moorlands,2014-2019,3.519597991
1219,Staffordshire Moorlands,2019-2021,7.100832094
1220,Stevenage,2004-2009,1.434745256
1221,Stevenage,2009-2014,4.301228432
1222,Stevenage,2014-2019,6.45334999
1223,Stevenage,2019-2021,6.284035943
1224,Stirling,2004-2009,5.387395206
1225,Stirling,2009-2014,0.96039576
1226,Stirling,2014-2019,2.292455663
1227,Stirling,2019-2021,5.079335108
1228,Stockport,2004-2009,2.595534251
1229,Stockport,2009-2014,2.064847815
1230,Stockport,2014-2019,5.341030298
1231,Stockport,2019-2021,9.060868912
1232,Stockton-on-Tees,2004-2009,4.166362162
1233,Stockton-on-Tees,2009-2014,0.750197769
1234,Stockton-on-Tees,2014-2019,2.130325544
1235,Stockton-on-Tees,2019-2021,0.681240742
1236,Stoke-on-Trent,2004-2009,4.459106504
1237,Stoke-on-Trent,2009-2014,1.893582705
1238,Stoke-on-Trent,2014-2019,4.661165292
1239,Stoke-on-Trent,2019-2021,5.672449894
1240,Stratford-on-Avon,2004-2009,0.971259775
1241,Stratford-on-Avon,2009-2014,3.455145488
1242,Stratford-on-Avon,2014-2019,4.730724776
1243,Stratford-on-Avon,2019-2021,3.89249633
1244,Stroud,2004-2009,0.56444902
1245,Stroud,2009-2014,3.131603607
1246,Stroud,2014-2019,5.15474968
1247,Stroud,2019-2021,7.151675122
1248,Suffolk Coastal,2004-2009,2.115478035
1249,Suffolk Coastal,2009-2014,2.818004425
1250,Suffolk Coastal,2014-2019,5.251201269
1251,Suffolk Coastal,2019-2021,6.49546839
1252,Sunderland,2004-2009,3.628109338
1253,Sunderland,2009-2014,1.386313489
1254,Sunderland,2014-2019,2.217083515
1255,Sunderland,2019-2021,1.904933073
1256,Surrey Heath,2004-2009,1.163537033
1257,Surrey Heath,2009-2014,5.061112176
1258,Surrey Heath,2014-2019,5.589288248
1259,Surrey Heath,2019-2021,2.353263144
1260,Sutton,2004-2009,2.183691508
1261,Sutton,2009-2014,6.298004826
1262,Sutton,2014-2019,6.474093044
1263,Sutton,2019-2021,5.003052459
1264,Swale,2004-2009,0.96039576
1265,Swale,2009-2014,3.713728934
1266,Swale,2014-2019,6.790716585
1267,Swale,2019-2021,5.830052443
1268,Swansea,2004-2009,3.870396912
1269,Swansea,2009-2014,-0.150830249
1270,Swansea,2014-2019,2.929338691
1271,Swansea,2019-2021,7.123339362
1272,Swindon,2004-2009,1.567715741
1273,Swindon,2009-2014,2.336902806
1274,Swindon,2014-2019,6.868528914
1275,Swindon,2019-2021,2.150783691
1276,Tameside,2004-2009,4.526332166
1277,Tameside,2009-2014,1.221481368
1278,Tameside,2014-2019,5.194326187
1279,Tameside,2019-2021,7.29938441
1280,Tamworth,2004-2009,2.245081575
1281,Tamworth,2009-2014,0.99451389
1282,Tamworth,2014-2019,7.663078414
1283,Tamworth,2019-2021,2.414242156
1284,Tandridge,2004-2009,0.81978185
1285,Tandridge,2009-2014,6.342724238
1286,Tandridge,2014-2019,5.051454048
1287,Tandridge,2019-2021,4.496603916
1288,Taunton Deane,2004-2009,1.681614782
1289,Taunton Deane,2009-2014,1.97738051
1290,Taunton Deane,2014-2019,3.570030801
1291,Taunton Deane,2019-2021,6.321906614
1292,Teignbridge,2004-2009,1.247551319
1293,Teignbridge,2009-2014,2.790656783
1294,Teignbridge,2014-2019,3.544436571
1295,Teignbridge,2019-2021,5.840637036
1296,Telford and Wrekin,2004-2009,3.039384636
1297,Telford and Wrekin,2009-2014,1.280940541
1298,Telford and Wrekin,2014-2019,3.805322877
1299,Telford and Wrekin,2019-2021,6.607930033
1300,Tendring,2004-2009,-0.137363156
1301,Tendring,2009-2014,2.367929765
1302,Tendring,2014-2019,8.045013342
1303,Tendring,2019-2021,4.083299973
1304,Test Valley,2004-2009,2.233043713
1305,Test Valley,2009-2014,2.00841596
1306,Test Valley,2014-2019,4.990933931
1307,Test Valley,2019-2021,3.64330892
1308,Tewkesbury,2004-2009,0.895665424
1309,Tewkesbury,2009-2014,4.221275748
1310,Tewkesbury,2014-2019,5.00516906
1311,Tewkesbury,2019-2021,2.740233383
1312,Thanet,2004-2009,2.12956876
1313,Thanet,2009-2014,3.125136772
1314,Thanet,2014-2019,6.348802007
1315,Thanet,2019-2021,9.429383239
1316,Three Rivers,2004-2009,1.245196889
1317,Three Rivers,2009-2014,7.565375693
1318,Three Rivers,2014-2019,5.251935381
1319,Three Rivers,2019-2021,3.695169473
1320,Thurrock,2004-2009,1.425445366
1321,Thurrock,2009-2014,3.6384649
1322,Thurrock,2014-2019,7.935342731
1323,Thurrock,2019-2021,6.19131671
1324,Tonbridge and Malling,2004-2009,0.7212286
1325,Tonbridge and Malling,2009-2014,5.291848907
1326,Tonbridge and Malling,2014-2019,4.941452284
1327,Tonbridge and Malling,2019-2021,3.509833901
1328,Torbay,2004-2009,1.058436899
1329,Torbay,2009-2014,1.658791356
1330,Torbay,2014-2019,3.276319793
1331,Torbay,2019-2021,8.669430964
1332,Torfaen,2004-2009,4.126048055
1333,Torfaen,2009-2014,1.389421401
1334,Torfaen,2014-2019,5.251935381
1335,Torfaen,2019-2021,4.109123891
1336,Torridge,2004-2009,0.670418554
1337,Torridge,2009-2014,1.54844116
1338,Torridge,2014-2019,3.546715753
1339,Torridge,2019-2021,8.537531036
1340,Tower Hamlets,2004-2009,4.745176373
1341,Tower Hamlets,2009-2014,5.829539398
1342,Tower Hamlets,2014-2019,5.367698812
1343,Tower Hamlets,2019-2021,4.403065089
1344,Trafford,2004-2009,1.322574848
1345,Trafford,2009-2014,2.942990057
1346,Trafford,2014-2019,6.303598869
1347,Trafford,2019-2021,8.56505887
1348,Tunbridge Wells,2004-2009,1.924487649
1349,Tunbridge Wells,2009-2014,2.938978978
1350,Tunbridge Wells,2014-2019,7.313526577
1351,Tunbridge Wells,2019-2021,5.755427881
1352,Uttlesford,2004-2009,1.772487177
1353,Uttlesford,2009-2014,4.730724776
1354,Uttlesford,2014-2019,5.284250996
1355,Uttlesford,2019-2021,3.200323393
1356,Vale of Glamorgan,2004-2009,3.540412144
1357,Vale of Glamorgan,2009-2014,1.632564294
1358,Vale of Glamorgan,2014-2019,4.095039697
1359,Vale of Glamorgan,2019-2021,7.871977994
1360,Vale of White Horse,2004-2009,1.691780911
1361,Vale of White Horse,2009-2014,5.030904836
1362,Vale of White Horse,2014-2019,4.10865223
1363,Vale of White Horse,2019-2021,4.31851677
1364,Wakefield,2004-2009,3.065782928
1365,Wakefield,2009-2014,0.660904403
1366,Wakefield,2014-2019,4.797136195
1367,Wakefield,2019-2021,4.740487016
1368,Walsall,2004-2009,1.948967154
1369,Walsall,2009-2014,1.55112784
1370,Walsall,2014-2019,3.06546732
1371,Walsall,2019-2021,8.551552225
1372,Waltham Forest,2004-2009,2.335171379
1373,Waltham Forest,2009-2014,8.685974727
1374,Waltham Forest,2014-2019,7.056368417
1375,Waltham Forest,2019-2021,5.409255339
1376,Wandsworth,2004-2009,5.922384105
1377,Wandsworth,2009-2014,8.755270657
1378,Wandsworth,2014-2019,3.25523538
1379,Wandsworth,2019-2021,2.019605959
1380,Warrington,2004-2009,1.299136822
1381,Warrington,2009-2014,1.808400232
1382,Warrington,2014-2019,4.040908082
1383,Warrington,2019-2021,9.437482153
1384,Warwick,2004-2009,1.537233417
1385,Warwick,2009-2014,4.701214796
1386,Warwick,2014-2019,4.997845503
1387,Warwick,2019-2021,3.226632731
1388,Watford,2004-2009,1.848215809
1389,Watford,2009-2014,4.978904632
1390,Watford,2014-2019,7.568304874
1391,Watford,2019-2021,3.709286302
1392,Waveney,2004-2009,0.937569532
1393,Waveney,2009-2014,2.78201746
1394,Waveney,2014-2019,5.922384105
1395,Waveney,2019-2021,7.417231106
1396,Waverley,2004-2009,2.95291036
1397,Waverley,2009-2014,5.138517084
1398,Waverley,2014-2019,4.450667934
1399,Waverley,2019-2021,4.777196324
1400,Wealden,2004-2009,2.043004816
1401,Wealden,2009-2014,2.990659903
1402,Wealden,2014-2019,4.730724776
1403,Wealden,2019-2021,8.379111207
1404,Wellingborough,2004-2009,1.796620942
1405,Wellingborough,2009-2014,2.12956876
1406,Wellingborough,2014-2019,7.21450259
1407,Wellingborough,2019-2021,4.600078731
1408,Welwyn Hatfield,2004-2009,2.129826694
1409,Welwyn Hatfield,2009-2014,4.18329472
1410,Welwyn Hatfield,2014-2019,6.504410274
1411,Welwyn Hatfield,2019-2021,6.320525084
1412,West Berkshire,2004-2009,2.224086601
1413,West Berkshire,2009-2014,2.722236617
1414,West Berkshire,2014-2019,5.577814893
1415,West Berkshire,2019-2021,4.257207029
1416,West Devon,2004-2009,0
1417,West Devon,2009-2014,2.187861931
1418,West Devon,2014-2019,4.713669042
1419,West Devon,2019-2021,7.744889918
1420,West Dorset,2004-2009,1.488364425
1421,West Dorset,2009-2014,2.711500199
1422,West Dorset,2014-2019,3.496752704
1423,West Dorset,2019-2021,7.60551737
1424,West Dunbartonshire,2004-2009,4.683184708
1425,West Dunbartonshire,2009-2014,1.133119103
1426,West Dunbartonshire,2014-2019,2.041658521
1427,West Dunbartonshire,2019-2021,1.445858151
1428,West Lancashire,2004-2009,3.146834786
1429,West Lancashire,2009-2014,0.986892237
1430,West Lancashire,2014-2019,2.491739444
1431,West Lancashire,2019-2021,3.364454849
1432,West Lindsey,2004-2009,1.209332482
1433,West Lindsey,2009-2014,1.722254929
1434,West Lindsey,2014-2019,3.556844877
1435,West Lindsey,2019-2021,8.892340867
1436,West Lothian,2004-2009,5.457794331
1437,West Lothian,2009-2014,1.318914086
1438,West Lothian,2014-2019,4.214784772
1439,West Lothian,2019-2021,6.904496765
1440,West Oxfordshire,2004-2009,0.981084678
1441,West Oxfordshire,2009-2014,4.643501913
1442,West Oxfordshire,2014-2019,5.230021589
1443,West Oxfordshire,2019-2021,1.459931239
1444,West Somerset,2004-2009,2.724056761
1445,West Somerset,2009-2014,1.97738051
1446,West Somerset,2014-2019,3.570030801
1447,West Somerset,2019-2021,6.321906614
1448,Westminster,2004-2009,26.72385607
1449,Westminster,2009-2014,11.84273621
1450,Westminster,2014-2019,2.240212297
1451,Westminster,2019-2021,-4.446691409
1452,Weymouth and Portland,2004-2009,1.488364425
1453,Weymouth and Portland,2009-2014,2.711500199
1454,Weymouth and Portland,2014-2019,3.496752704
1455,Weymouth and Portland,2019-2021,7.60551737
1456,Wigan,2004-2009,4.283618904
1457,Wigan,2009-2014,1.401597386
1458,Wigan,2014-2019,4.316046734
1459,Wigan,2019-2021,4.329880524
1460,Wiltshire,2004-2009,1.233556834
1461,Wiltshire,2009-2014,3.289816667
1462,Wiltshire,2014-2019,4.803234548
1463,Wiltshire,2019-2021,4.446593573
1464,Winchester,2004-2009,0.487036035
1465,Winchester,2009-2014,5.581242124
1466,Winchester,2014-2019,4.817754254
1467,Winchester,2019-2021,4.938306603
1468,Windsor and Maidenhead,2004-2009,3.713728934
1469,Windsor and Maidenhead,2009-2014,5.387395206
1470,Windsor and Maidenhead,2014-2019,3.580420358
1471,Windsor and Maidenhead,2019-2021,5.748738522
1472,Wirral,2004-2009,3.10539529
1473,Wirral,2009-2014,0.879901023
1474,Wirral,2014-2019,3.527860841
1475,Wirral,2019-2021,8.220662129
1476,Woking,2004-2009,2.081348923
1477,Woking,2009-2014,5.109964847
1478,Woking,2014-2019,5.282322819
1479,Woking,2019-2021,6.217000909
1480,Wokingham,2004-2009,1.245196889
1481,Wokingham,2009-2014,5.387395206
1482,Wokingham,2014-2019,5.26238015
1483,Wokingham,2019-2021,2.933172958
1484,Wolverhampton,2004-2009,2.83467221
1485,Wolverhampton,2009-2014,1.680801316
1486,Wolverhampton,2014-2019,4.16014324
1487,Wolverhampton,2019-2021,8.07525624
1488,Worcester,2004-2009,1.616513033
1489,Worcester,2009-2014,2.196451312
1490,Worcester,2014-2019,3.815210272
1491,Worcester,2019-2021,4.764544365
1492,Worthing,2004-2009,1.306856617
1493,Worthing,2009-2014,5.387395206
1494,Worthing,2014-2019,4.792762602
1495,Worthing,2019-2021,7.136645783
1496,Wrexham,2004-2009,1.955878012
1497,Wrexham,2009-2014,0.757662405
1498,Wrexham,2014-2019,2.40047328
1499,Wrexham,2019-2021,7.29938441
1500,Wychavon,2004-2009,0.771705023
1501,Wychavon,2009-2014,3.340055754
1502,Wychavon,2014-2019,4.525554971
1503,Wychavon,2019-2021,5.021006302
1504,Wycombe,2004-2009,2.180594141
1505,Wycombe,2009-2014,4.478457225
1506,Wycombe,2014-2019,5.039574431
1507,Wycombe,2019-2021,5.421984765
1508,Wyre,2004-2009,2.472131485
1509,Wyre,2009-2014,-0.37451866
1510,Wyre,2014-2019,2.81840862
1511,Wyre,2019-2021,4.639223471
1512,Wyre Forest,2004-2009,1.141522538
1513,Wyre Forest,2009-2014,1.342762651
1514,Wyre Forest,2014-2019,3.60196819
1515,Wyre Forest,2019-2021,9.049951361
1516,York,2004-2009,1.521611448
1517,York,2009-2014,3.328126712
1518,York,2014-2019,4.741278838
1519,York,2019-2021,5.945692673